id;commitment_status;commitment_bal;commitment_expiration
1;plum Greens SQL;auxiliary port;2019-12-26
2;Electronics proactive;Sleek Cotton Pants THX Intelligent Steel Table;2019-12-26
3;Specialist Florida;Gloves Operative;2019-12-26
4;Producer Computers optical;back up Research redefine;2019-12-27
5;open architecture programming Programmable;Intelligent Accounts silver;2019-12-26
6;Comoro Franc UAE Dirham;cyan Path;2019-12-27
7;SMS Auto Loan Account;Engineer Ergonomic Tasty;2019-12-26
8;override Buckinghamshire Swaziland;bandwidth-monitored;2019-12-26
9;Granite haptic;Avon;2019-12-26
10;schemas SDD withdrawal;Credit Card Account Chips input;2019-12-26
