id;p_no;program_name;member_name;application_date;p_status;current_assign;current_ass_date;analyst_assign;manager_assign
1;contextually-based Home Loan Account Books;Stand-alone;relationships Refined Frozen Table Infrastructure;2019-12-24;Health;Producer;2019-12-24;functionalities Garden;Tasty Concrete Salad exploit
2;technologies benchmark synthesize;Sleek redefine digital;Pre-emptive;2019-12-24;world-class digital;SMTP Berkshire Alley;2019-12-24;action-items;solution
3;mobile;Buckinghamshire;Enhanced turquoise;2019-12-24;Licensed Fresh Pants Fresh Corners;Buckinghamshire Azerbaijanian Manat;2019-12-24;Soft Optional Kwacha;Tennessee iterate Intelligent
4;Codes specifically reserved for testing purposes cohesive;Optional Assurance Faroe Islands;technologies International South Dakota;2019-12-24;Lead back-end application;users;2019-12-24;back-end;product
5;microchip input mindshare;Small Fresh Keyboard;quantifying;2019-12-24;digital Bacon;experiences Berkshire Ethiopian Birr;2019-12-24;empowering synthesizing Small Rubber Soap;Zloty
6;Directives world-class;invoice Borders Bedfordshire;Analyst Corporate Plastic;2019-12-24;lime;Throughway Metal calculating;2019-12-24;back-end;Ecuador
7;Plastic;Ergonomic Rubber Bike archive vortals;Towels online Georgia;2019-12-24;e-services;invoice European Unit of Account 9(E.U.A.-9);2019-12-24;local Architect hack;program mission-critical Saint Helena
8;systemic Officer;exploit;Oval mobile;2019-12-24;ADP;eco-centric;2019-12-24;blue;system Avon
9;Suriname Refined Hat;harness Handmade;Swiss Franc;2019-12-24;Architect;olive hardware;2019-12-24;Digitized Afghanistan;Philippines
10;Creative;Chips invoice Organized;violet Computer ADP;2019-12-24;Prairie programming;B2C alarm morph;2019-12-24;hard drive;payment Designer
