id;worker;entry_details;date
1;e-markets;toolset Chief;2019-12-29
2;Generic Plastic Bike viral connecting;Shirt Malaysia indigo;2019-12-29
3;Bedfordshire foreground Shoes;Shirt Configuration;2019-12-30
4;Investment Account calculate;Phased;2019-12-30
5;Functionality;Plastic algorithm;2019-12-30
6;Direct Industrial multi-state;enterprise Practical Granite Bacon Open-architected;2019-12-30
7;Denar overriding;analyzing deposit;2019-12-30
8;Communications intuitive Producer;Savings Account;2019-12-30
9;withdrawal Shoes;Dam;2019-12-29
10;Chicken Small Frozen Chair;transmitting plum;2019-12-30
