id;worker_name;worker_role;source;phone_no;email
1;contingency connect Costa Rica;Analyst metrics quantifying;Berkshire Handcrafted;B2B indexing;Cameron.Mayer75@yahoo.com
2;Unbranded Steel Shirt open-source;Creative Niue;holistic;Licensed Investment Account;Zoe_Mayer80@yahoo.com
3;fuchsia synergistic;Small Netherlands Antilles recontextualize;withdrawal withdrawal;navigate e-tailers;April_Gleason@yahoo.com
4;B2B Lake haptic;program magenta;sky blue protocol Frozen;Intelligent Plastic Hat Auto Loan Account;Dixie.Stehr65@gmail.com
5;Afghani customer loyalty;Corporate Designer;Concrete Borders;payment Director Future;Odie.Dare70@yahoo.com
6;Rubber invoice pricing structure;Grocery sexy;protocol Global Switchable;Movies matrices;Francisca.Vandervort@yahoo.com
7;directional Glen Bermuda;Avon Puerto Rico;withdrawal e-markets;Health multi-byte;Gilberto.Cummings49@hotmail.com
8;Regional;bandwidth;reboot Generic Connecticut;Representative Sports;Newell.Jones@gmail.com
9;Product Outdoors Borders;Wisconsin;Towels Ergonomic Industrial;Oregon one-to-one;Leola_Dickens@hotmail.com
10;Arizona;Grocery Interactions functionalities;North Carolina;Managed solutions;Levi51@hotmail.com
